1cjFposQiHgGstech	Gstechnology	avances	tecnologicos	cientificos	Best	Favorite	Robot (Toy Type)	Computer	atlas	asimo	amazing	top	top robots	robots del futuro	Robots Más Avanzados Del Mundo	ROBOTS HUMANOIDES	robots reales	robots militares	robot policia	robots futuristas	inteligencia artificial	iron man real	robobee	robots del futuro reales	robots automatas	androides reales	humanoides	cybord	robot humano	technologic	robots 2016	robots 2017	robot casero	
k3ANu42J__Ewr	war robots	modulos war robots	modulos wr	mejores modulos war robots	modulos griffin	soriloko	
rDRf96oKv1Yinventos	futuristas	futuro	autos	motos	coches	avances	tecnologicos	Favorite	robots	Inventos que cambiaran el mundo	Inventos que cambiaron el mundo	asistente virtual	celular flexible	ropa inteligente	Top	inventos que no sabias que existian	inventos del futuro	inventos tecnologicos 2017	los mejores celul	robots amigables	robots increibles	robots amistosos	robots mascota	perro robot	los robots mas avanzados del mundo	
fbrX8BTNR7cWar Robots	War Robots Gameplay	WR	War Robots Manni	WR Manni	War Robots Mk2	WR Mk2	War Robots Maxed Out	War Robots Raven	WR Raven	War Robots Raven Gameplay	WR Raven Gameplay	War Robots Best Setup	WR Best Setup	War Robots New	WR New	
InUXVArKjUswr	war robots	soriloko	strider	strider el robot mas rapido del juego	robot más rápido de war robots	soriloko strider	
glV2GF9D5asWR	WWR	IOS	Android	Gaming	Games	War Robots	XBOX	PS4	bots	
wXxrmussq4Etechnology	gdnpfptechnology	boston dynamics	robo-dog	robotics	robots	robot dog	open door	opens door	door	door handle	robot	robot dog opens door	robot dog video	boston dynamics dog	black mirror	black mirror dogs	spotmini	rise of the machines	robot dog door	boston dynamics dog door	tech	world	gdnpfpnewsworld	us	gdnpfpnewsus	robot technology	machine	computer	science	gdnpfpscience	computing	dogs	dog	mechanics	physics	2018	kill it before it lays eggs	kill it with fire	
rZ0QkYWhh0MFacebook	Mark Zuckerberg	Zuckerberg	Capitalist	Capitalism	Social Media	Robot Zuckerberg	Automation	Dead Man Working	Zero Books	Marx	Marxism	Zuckerberg is a Robot	
zz4ojs-zK5AWar Robots	War Robots Robot Guide	War Robots Robot Guide 2018	War Robots Guide	War Robots What to Buy	War Robots Inquisitor or Spectre	War Robots Inquisitor vs Spectre	War Robots Best Robot	War Robots Adrian Chong	War Robots Adrian	Adrian Chong Best Robots	Adrian Chong Robot Guide	Adrian Chong Inquisitor or Spectre	Adrian Chong	
7e8wcgIwZyIinventos	avances	futuro	curiosidades	del mundo	accidente	listas	tops	casero	inventos que no sabias que existian	facil	energia	regalos	mujeres	caseros	cocina	increibles	top 5	top	cosas	extrañas	personas	top 10	mas	sabias	
Z1mM2ROxBPEShinzo Abe	Karan Deep Singh	Peter Landers	Karan Singh	ROBOT	TECHNOLOGY	BUSINESS TECHNOLOGY	ROBOT FARMING	FARMING ROBOTS	FARM ROBOTS	WSJ NEWS	WSJ	WORLD NEWS	JAPAN	JAPAN NEWS	JAPAN ECONOMY	ROBOTS IN JAPAN	MILKING ROBOT	COW MILK	MILK	ROBOTS CAN MILK COWS	DAIRY FARMING	DAIRY FARMING IN JAPAN	OBIHIRO	KATO	KATO MILK FARM	THE FUTURE OF FARMING	FARM TECH	THE FUTURE OF EVERYTHING	Lely Holding S.à r.l.	Agriculture	Dairy Cattle Farming	Ice Cream	Forestry	
8JfbW8Azka4Humanos	robots	her	Raymond	Kurzweil	inteligencia	artificial	IA	Stanley	Kubrick	Steven	Spielverg	Spilberg	transhumanismo	trashumanismo	humanidad	test	touring	robot	siglo	singularidad	Leonardo da Vinci	inquietante	máquina	Terminator	listos	posthumanos	poshumanos	IBM	vicente	fuentes	ufopolis	último	ultimo	video	
fRj34o4hN4IRobotics	Humanoid Robots	Legged Locomotion	Dynamic robots	Boston Dynamics	
ouEHhZvyPMUSpiderman	Ironman	Captain America	Hulk	Ultron	Armor Mech	Spider-man	Iron-man	The Hulk	Superhero	Marvel Superheroes	Avengers	Spider Man	The Avengers	The Incredible Hulk	Toy	Family	Friendly	Toys	Parody	Story	ToysReviewToys	DisneyCarToys	Spiderman Toys	Ironman Toys	Captain America Toys	Hulk Toys	Spiderman Mech Armor	Captain America Mech Armor	Ironman Mech Armor	Hulk Mech Armor	Spiderman and Ironman Fight Ultron	Ultron Hijacks Superhero Mech Armor	Superhero Toys	
-seiq5arPKcИгра war robots	war robots онлайн	war robots 3.8	war robots играть	war robots	war robots новые роботы	war robots новое оружие	
sZ_-yb-TN9MTop	most	amazing	coolest	ROBOTS	kiborgs	t1000	terminator	robots wars	robo shark	shark	robot	snake robot	ant robot	bird robot	you	don't	believe	actually	Exist	Swimming robot	Cheetah Robot	Robot Chef	Kangaroo robot	seagull	Batterfly	BionicANTs	Atlas	The Next Generation	Robot	Boston Dynamics	Legged locomotion	mobile manipulation	dynamic balance	
bBy3tIgKUk8war robots	war robots en español	Anakin	WR	free for all	FFA wr	godlike war robots	war robots ffa	war robots free for all	todos contra todos	
AOrid_KtZLgbreakman	tops	creepy	perturbador	robot	tecnologia	sophia	philip k dick	philip el robot	robots inteligentes	inteligencia artificial	
DxgHuwDTR48CBS 4 News Evening	Artificial Intelligence	Sex Bots	Robots	Tech Company	Technology	
mbUz4TCCKZYWar Robots game	war robots game hack	war robots android hack	war robots ios hack	war robots free hack	war robots cheat	war robots 2018	
